{
    "name": "typewriter",
    "title": "jQuery Typewriter",
    "description": "The typewriter effect.",
    "keywords": [
        "type",
        "typer",
        "typing",
        "typewriter",
        "write",
        "writer",
        "writing"
    ],
    "version": "0.0.4",
    "author": {
        "name": "Yannick Albert",
        "email": "mail@yckart.com",
        "url": "https://github.com/yckart"
    },
    "licenses": [
        {
            "type": "MIT",
            "url": "http://yckart.com/mit/"
        }
    ],
    "homepage": "http://yckart.github.com/jquery.typer.js",
    "demo": "http://yckart.github.com/jquery.typer.js",
    "docs": "https://github.com/yckart/jquery.typer.js",
    "bugs": "https://github.com/yckart/jquery.typer.js/issues",
    "dependencies": {
        "jquery": ">=1.8"
    }
}